internal_id,Award ID,Recipient Name,Award Amount,Total Outlays,Description,Contract Award Type,def_codes,COVID-19 Obligations,COVID-19 Outlays,Infrastructure Obligations,Infrastructure Outlays,Awarding Agency,Awarding Sub Agency,Start Date,End Date,recipient_id,prime_award_recipient_id,awarding_agency_id,agency_slug,generated_internal_id
24315059,HT940216C0001,HUMANA GOVERNMENT BUSINESS INC,47952334646.21,,IGF::OT::IGF,DEFINITIVE CONTRACT,['Q'],,,,,Department of Defense,Defense Health Agency,2016-08-01,2025-12-31,1068e466-707d-6b6f-367f-0255fab79b8c-C,,1173,department-of-defense,CONT_AWD_HT940216C0001_9700_-NONE-_-NONE-
12178950,DEAC3243AL00036,"REGENTS OF THE UNIVERSITY OF CALIFORNIA, THE",35271576063.18,28908000.0,M&O OF LANL BR OF U OF CA,DEFINITIVE CONTRACT,['Q'],,,,,Department of Energy,Department of Energy,1978-09-30,2006-05-31,dfae65bd-32fe-bce0-389c-2867fa9fa04e-C,,930,department-of-energy,CONT_AWD_DEAC3243AL00036_8900_-NONE-_-NONE-
25882618,N0001917C0001,LOCKHEED MARTIN CORPORATION,35135840073.2,933036846.29,LRIP LOT 12 ADVANCE ACQUISITION CONTRACT,DEFINITIVE CONTRACT,"['N', 'Q']",11234642.22,1741868.78,,,Department of Defense,Defense Contract Management Agency,2017-11-17,2031-03-31,6cf5fb1b-4988-d087-5dc1-70939d8fc6c4-C,,1173,department-of-defense,CONT_AWD_N0001917C0001_9700_-NONE-_-NONE-
12179201,DEAC5207NA27344,"LAWRENCE LIVERMORE NATIONAL SECURITY, LLC",34868265435.3,11025314932.05,"TAS::89 0240::TAS THIS PERFORMANCE-BASED MANAGEMENT CONTRACT (PBMC) IS FOR THE MANAGEMENT AND OPERATION OF THE LAWRENCE LIVERMORE NATIONAL LABORATORY (LLNL). THE CONTRACTOR SHALL, IN ACCORDANCE WITH THE PROVISIONS OF THIS CONTRACT, ACCOMPLISH THE MISSIONS AND PROGRAMS ASSIGNED BY THE U.S. DEPARTMENT OF ENERGY (DOE) AND MANAGE AND OPERATE THE LABORATORY.  THE LABORATORY IS ONE OF DOES OFFICE OF DEFENSE PROGRAM MULTI-PROGRAM LABORATORIES.  THE LABORATORY IS A FEDERALLY FUNDED RESEARCH AND DEVELOPMENT INSTITUTION (ESTABLISHED IN ACCORDANCE WITH THE FEDERAL ACQUISITION REGULATION (FAR) PART 35 AND OPERATED UNDER THIS MANAGEMENT AND OPERATING (M&O) CONTRACT, AS DEFINED IN FAR 17.6 AND DEAR 917.6.",DEFINITIVE CONTRACT,"['AAA', 'AAB', 'N', 'Q', 'Z']",12343732.4,12341690.08,37603105.99,17359702.05,Department of Energy,Department of Energy,2007-05-09,2026-09-30,6d990129-9566-ff86-e9ae-7c6eeef1df7c-C,,930,department-of-energy,CONT_AWD_DEAC5207NA27344_8900_-NONE-_-NONE-
25881000,N0001902C3002,LOCKHEED MARTIN CORPORATION,34132621786.26,29313885.86,200204!008532!1700!AF600 !NAVAL AIR SYSTEMS COMMAND       !N0001902C3002  !A!N! !N!                   !20011026!20120430!008016958!008016958!834951691!N!LOCKHEED MARTIN CORPORATION   !LOCKHEED BLVD             !FORT WORTH          !TX!76108!27000!439!48!FORT WORTH          !TARRANT               !TEXAS     !+000026000000!N!N!018981928201!AC15!RDTE/AIRCRAFT-ENG/MANUF DEVELOP                   !A1A!AIRFRAMES AND SPARES          !2AMA!JAST/JSF                      !336411!E! !3! ! ! ! ! !99990909!B! ! !A! !A!N!R!2!002!N!1A!A!N!Z!  !  !N!C!N! ! ! !A!A!A!A!000!A!C!N! ! ! !Y!    !N00019!0001!,DEFINITIVE CONTRACT,"['N', 'Q']",-624555.7,1530623.99,,,Department of Defense,Department of the Navy,2001-10-26,2022-12-16,6cf5fb1b-4988-d087-5dc1-70939d8fc6c4-C,,1173,department-of-defense,CONT_AWD_N0001902C3002_9700_-NONE-_-NONE-
95244160,N0001920C0009,LOCKHEED MARTIN CORPORATION,30063937958.91,,THE PURPOSE OF THIS MODIFICATION IS TO AWARD F-35A LRIP 15 USAF  AIRCRAFT* LONG LEAD FUNDING,DEFINITIVE CONTRACT,['Q'],,,,,Department of Defense,Department of the Navy,2019-11-26,2027-12-31,6cf5fb1b-4988-d087-5dc1-70939d8fc6c4-C,,1173,department-of-defense,CONT_AWD_N0001920C0009_9700_-NONE-_-NONE-
12178133,DEAC0576RL01830,BATTELLE MEMORIAL INSTITUTE,27983582293.19,5344341098.6,BATTELLE MEMORIAL INSTITUTE/PACIFIC NORTHWEST               LABORATORY OPERATING AND MANAGING CONTRACT,DEFINITIVE CONTRACT,"['3', 'AAA', 'AAB', 'C', 'N', 'Q', 'R', 'Z']",6259201.57,6259201.57,82817402.78,34336489.51,Department of Energy,Department of Energy,1978-09-15,2027-09-30,74457bb7-b18d-9762-896e-e575e7a4ed82-C,,930,department-of-energy,CONT_AWD_DEAC0576RL01830_8900_-NONE-_-NONE-
15058388,FA862511C6600,THE BOEING COMPANY,27075493217.28,271607247.33,KC-X MODERNIZATION PROGRAM,DEFINITIVE CONTRACT,['Q'],,,,,Department of Defense,Department of the Air Force,2011-02-24,2027-07-31,22d282c6-4508-7d30-97f1-7401ea73b12a-C,,1173,department-of-defense,CONT_AWD_FA862511C6600_9700_-NONE-_-NONE-
25889833,N0002417C2100,ELECTRIC BOAT CORPORATION,25313654048.0,,SSN 802 AND 803 LONG LEAD TIME MATERIAL,DEFINITIVE CONTRACT,['Q'],,,,,Department of Defense,Department of the Navy,2017-02-14,2030-04-30,d5ab5f51-db3a-a26f-96a1-1b24c3e2802c-C,,1173,department-of-defense,CONT_AWD_N0002417C2100_9700_-NONE-_-NONE-
12178290,DEAC0705ID14517,"BATTELLE ENERGY ALLIANCE, LLC",22734546971.08,6360282091.81,MANAGEMENT AND OPERATIONS OF THE INL,DEFINITIVE CONTRACT,"['3', 'AAA', 'AAB', 'N', 'Q', 'Z']",1520966.63,1520966.63,107288812.19,49771122.61,Department of Energy,Department of Energy,2004-11-09,2029-09-30,094b64c8-bbe6-5af3-2b26-c52e97d87eba-C,,930,department-of-energy,CONT_AWD_DEAC0705ID14517_8900_-NONE-_-NONE-
27117525,NAS1510000,THE BOEING COMPANY,21856307153.25,2038796826.71,INTERNATIONAL SPACE STATION,DEFINITIVE CONTRACT,['Q'],,,,,National Aeronautics and Space Administration,National Aeronautics and Space Administration,1993-11-15,2024-09-30,690fafd3-ecd8-1228-92a0-07aa28dd1ee2-C,,862,national-aeronautics-and-space-administration,CONT_AWD_NAS1510000_8000_-NONE-_-NONE-
24315060,HT940216C0002,"HEALTH NET FEDERAL SERVICES, LLC",21845495301.14,,IGF::OT::IGF  MANAGED CARE SUPPORT SERVICES IN SUPPORT OF THE TRICARE PROGRAM,DEFINITIVE CONTRACT,['Q'],,,,,Department of Defense,Defense Health Agency,2016-08-01,2024-12-31,95e5fad6-bf60-0254-a5b0-65c750733414-C,,1173,department-of-defense,CONT_AWD_HT940216C0002_9700_-NONE-_-NONE-
25888027,N0002412C2115,ELECTRIC BOAT CORPORATION,18780113427.0,64948.0,SSN 792 LONG LEAD TIME MATERIAL,DEFINITIVE CONTRACT,['Q'],,,,,Department of Defense,Department of the Navy,2012-04-13,2024-08-09,d5ab5f51-db3a-a26f-96a1-1b24c3e2802c-C,,1173,department-of-defense,CONT_AWD_N0002412C2115_9700_-NONE-_-NONE-
23657068,HQ000601C0001,THE BOEING COMPANY,18762686627.49,-1375419.94,200112!000108!9700!ZD60 !BALLISTIC MISSILE DEFENSE ORG. !HQ000601C0001 !A!N!*!N! !20001222!20080930!848025649!848025649!009256819!N!THE BOEING COMPANY !3370 E MIRALOMA AVE !ANAHEIM !CA!92806!37000!089!01!HUNTSVILLE !MADISON !ALABAMA !+000383571022!N!N!000000000000!AD93!RDTE/OTHER DEFENSE-ADV TECH DEV !S1 !SERVICES !1CAA!BALLISTIC MISSILE DEFENSE SYS !541710!*!*!3! ! ! !*!*!*!B!*!*!A! !A !U!R!2!001!B! !Z!Y!Z! ! !N!C!N! ! ! !A!A!A!A!000!A!C!N! ! ! ! ! ! !0001!,DEFINITIVE CONTRACT,['Q'],,,,,Department of Defense,Defense Contract Management Agency,2000-12-22,2015-12-31,3632dc26-45b8-9d0e-1128-63e866708c8f-C,,1173,department-of-defense,CONT_AWD_HQ000601C0001_9700_-NONE-_-NONE-
25882386,N0001914C0067,THE BOEING COMPANY,18095547151.4,405630314.75,USN P-8A FRP II LONG LEAD MATERIAL,DEFINITIVE CONTRACT,['Q'],,,,,Department of Defense,Defense Contract Management Agency,2014-08-14,2026-01-31,22d282c6-4508-7d30-97f1-7401ea73b12a-C,,1173,department-of-defense,CONT_AWD_N0001914C0067_9700_-NONE-_-NONE-
25889838,N0002417C2117,ELECTRIC BOAT CORPORATION,18085751725.0,21323356.73,COLUMBIA CLASS DESIGN COMPLETION,DEFINITIVE CONTRACT,['Q'],,,,,Department of Defense,Department of the Navy,2017-09-21,2031-12-31,d5ab5f51-db3a-a26f-96a1-1b24c3e2802c-C,,1173,department-of-defense,CONT_AWD_N0002417C2117_9700_-NONE-_-NONE-
12177745,DEAC0205CH11231,THE REGENTS OF THE UNIVERSITY OF CALIFORNIA,17646895440.16,5124739174.41,"THIS PERFORMANCE-BASED MANAGEMENT CONTRACT (PBMC) IS FOR THE MANAGEMENT AND OPERATION OF THE ERNEST ORLANDO LAWRENCE BERKELEY NATIONAL LABORATORY (LBNL).  THE CONTRACTOR SHALL, IN ACCORDANCE WITH THE PROVISIONS OF THIS CONTRACT, ACCOMPLISH THE MISSIONS AND PROGRAMS ASSIGNED BY THE U.S. DEPARTMENT OF ENERGY (DOE) AND MANAGE AND OPERATE THE LABORATORY.  THE LABORATORY IS ONE OF THE DOE?S OFFICE OF SCIENCE (SC) MULTI-PROGRAM LABORATORIES.  THE LABORATORY IS A FEDERALLY FUNDED RESEARCH AND DEVELOPMENT CENTER (FFRDC) ESTABLISHED IN ACCORDANCE WITH THE FEDERAL ACQUISITION REGULATION (FAR) PART 35 AND OPERATED UNDER THIS MANAGEMENT AND OPERATING (M&O) CONTRACT, AS DEFINED IN FAR 17.6 AND DEAR 917.6.",DEFINITIVE CONTRACT,"['AAB', 'N', 'Q', 'R', 'Z']",12271908.83,12271908.83,50711812.26,24674023.51,Department of Energy,Department of Energy,2005-06-01,2025-05-31,9df6f273-648d-cf72-c4ef-346f414c585c-C,,930,department-of-energy,CONT_AWD_DEAC0205CH11231_8900_-NONE-_-NONE-
25886979,N0002409C2104,ELECTRIC BOAT CORPORATION,16239575949.0,56747688.0,CONSTRUCTION OF VIRGINIA CLASS BLOCK III SUBMARINES.,DEFINITIVE CONTRACT,['Q'],,,,,Department of Defense,Department of the Navy,2008-12-22,2023-08-31,d5ab5f51-db3a-a26f-96a1-1b24c3e2802c-C,,1173,department-of-defense,CONT_AWD_N0002409C2104_9700_-NONE-_-NONE-
12178868,DEAC2701RV14136,"BECHTEL NATIONAL, INC.",15635393494.55,2507733212.47,,DEFINITIVE CONTRACT,['Q'],,,,,Department of Energy,Department of Energy,2000-12-15,2025-04-30,b6a8698b-7697-5e4e-ef6c-df5f47158506-C,,930,department-of-energy,CONT_AWD_DEAC2701RV14136_8900_-NONE-_-NONE-
12177749,DEAC0206CH11357,"UCHICAGO ARGONNE, LLC",15331316588.84,4685765048.2,PERFORMANCE-BASED CONTRACT FOR MANAGEMENT AND OPERATION OF ARGONNE NATIONAL LABORATORY,DEFINITIVE CONTRACT,"['3', 'AAA', 'AAB', 'C', 'N', 'Q', 'R', 'Z']",19754713.5,19754713.5,55443523.76,32647241.53,Department of Energy,Department of Energy,2006-07-31,2026-09-30,41abc24e-d794-7e40-35af-944b40645d57-C,,930,department-of-energy,CONT_AWD_DEAC0206CH11357_8900_-NONE-_-NONE-
27240943,NNJ06TA25C,LOCKHEED MARTIN CORP,15041175272.27,3009154022.06,"TAS::80 0124::TAS DESIGN, DEVELOPMENT, TEST&EVALUATION OF PROJECT ORION",DEFINITIVE CONTRACT,['Q'],,,,,National Aeronautics and Space Administration,National Aeronautics and Space Administration,2006-09-06,2026-09-30,6e7a895c-aa57-8600-2a8a-4e237f6213f6-C,,862,national-aeronautics-and-space-administration,CONT_AWD_NNJ06TA25C_8000_-NONE-_-NONE-
12177779,DEAC0276SF00515,THE LELAND STANFORD JUNIOR UNIVERSITY,13703875273.19,2569980276.56,OPERATION AND MAINTENANCE                                   LINEAR ACCELLERATOR,DEFINITIVE CONTRACT,"['N', 'Q', 'R', 'Z']",3639810.2,3639810.2,1508034.74,7950.6,Department of Energy,Department of Energy,1978-11-20,2027-09-30,0c13d643-4334-38ed-1952-0db7e2ac5e56-C,,930,department-of-energy,CONT_AWD_DEAC0276SF00515_8900_-NONE-_-NONE-
24314942,HT940212C0001,"UNITEDHEALTH MILITARY & VETERANS SERVICES, LLC",13189380078.35,,T3 MANAGED CARE SUPPORT CONTRACT FOR WEST REGION,DEFINITIVE CONTRACT,,,,,,Department of Defense,Defense Health Agency,2012-03-20,2019-02-15,9822af1c-f99f-7fe8-1177-57a1d88884e2-C,,1173,department-of-defense,CONT_AWD_HT940212C0001_9700_-NONE-_-NONE-
25882554,N0001916C0033,LOCKHEED MARTIN CORPORATION,12269145508.23,116514229.68,LRIP 11 AAC,DEFINITIVE CONTRACT,['Q'],,,,,Department of Defense,Department of the Navy,2015-12-21,2031-03-31,6cf5fb1b-4988-d087-5dc1-70939d8fc6c4-C,,1173,department-of-defense,CONT_AWD_N0001916C0033_9700_-NONE-_-NONE-
37474719,W58RGZ12C0008,SIKORSKY AIRCRAFT CORPORATION,11602480135.21,20491440.65,"MULTI SERVICE, 5 YR, MULTI-YR CONTRACT FOR H-60 HELICOPTERS. FY2012 FY2016 PRODUCTION CONTRACT FOR ARMY/NAVY/FMS UH/HH/MH-60 HELICOPTERS TO INCLUDE PROCUREMENT OF UP TO 916 EACH AIRCRAFT AND RELATED SUPPORT, SERVICES, SYSTEMS/PROJECT MANAGEMENT, PUBLICATIONS, AND TECHNICAL DATA. FMS COUNTRIES INCLUDE SAUDI ARABIAN NATIONAL GUARD (SANG), TAIWAN, THAILAND AND ROYAL AUSTRALIAN NAVY (RAN).",DEFINITIVE CONTRACT,['Q'],,,,,Department of Defense,Department of the Army,2012-06-06,2023-07-21,d64537c9-5482-dd40-cdd4-5cf07b66329d-C,,1173,department-of-defense,CONT_AWD_W58RGZ12C0008_9700_-NONE-_-NONE-
67169764,89233018CNR000004,"FLUOR MARINE PROPULSION, LLC",11449132800.17,6167477028.0,MANAGEMENT AND OPERATION OF THE NAVAL NUCLEAR LABORATORY AND NAVAL NUCLEAR PROPULSION PROGRAM SUPPORT,DEFINITIVE CONTRACT,"['N', 'Q']",69592.83,69592.83,,,Department of Energy,Department of Energy,2018-07-12,2028-09-30,27de0316-220e-8297-411f-f99b6f60443a-C,,930,department-of-energy,CONT_AWD_89233018CNR000004_8900_-NONE-_-NONE-
15059561,FA863412C2651,THE BOEING COMPANY,11204226412.65,,RSAF F-15 FLEET MODERNIZATION PROGRAM,DEFINITIVE CONTRACT,,,,,,Department of Defense,Department of the Air Force,2012-03-08,2023-05-31,9ab85632-42cc-5fa4-2a9c-d734034ddd33-C,,1173,department-of-defense,CONT_AWD_FA863412C2651_9700_-NONE-_-NONE-
15056260,FA861404C2004,THE BOEING COMPANY,11087049042.07,0.33,,DEFINITIVE CONTRACT,"['N', 'Q']",0.0,0.33,,,Department of Defense,Defense Contract Management Agency,2003-10-02,2019-10-24,5fa231ae-15e3-afd3-8c5c-bb9911ba57f8-C,,1173,department-of-defense,CONT_AWD_FA861404C2004_9700_-NONE-_-NONE-
25881600,N0001907C0001,BELL BOEING JOINT PROJECT OFFICE,11040730413.27,0.0,MV-22 AIRCRAFT - FY08 (LOT 12)*,DEFINITIVE CONTRACT,,,,,,Department of Defense,Defense Contract Management Agency,2007-04-02,2020-08-15,846d3ff4-b2cb-3924-018c-2dee1e0259b7-C,,1173,department-of-defense,CONT_AWD_N0001907C0001_9700_-NONE-_-NONE-
69800963,N0002418C2130,"FLUOR MARINE PROPULSION, LLC",10763925697.64,935244328.64,NAVAL NUCLEAR LABORATORY,DEFINITIVE CONTRACT,"['C', 'N', 'Q']",-1141356158.82,229181677.77,,,Department of Defense,Department of the Navy,2018-07-12,2028-09-30,27de0316-220e-8297-411f-f99b6f60443a-C,,1173,department-of-defense,CONT_AWD_N0002418C2130_9700_-NONE-_-NONE-
25882438,N0001915C0003,LOCKHEED MARTIN CORPORATION,10550927664.07,32570463.16,LRIP 10 AAC,DEFINITIVE CONTRACT,['Q'],,,,,Department of Defense,Defense Contract Management Agency,2015-05-26,2032-12-31,6cf5fb1b-4988-d087-5dc1-70939d8fc6c4-C,,1173,department-of-defense,CONT_AWD_N0001915C0003_9700_-NONE-_-NONE-
107059914,W31P4Q20C0023,LOCKHEED MARTIN CORPORATION,10250446547.03,,THE CONTRACT AWARD IS FOR THE FY21/FY22/FY23 BASE AND OPTION PRICING FOR PHASE ARRAY TRACKING RADAR TO INTERCEPT ON TARGET (PATRIOT) ADVANCED CAPABILITY-3 (PAC-3) PRODUCTION REQUIREMENTS FOR THE UNITED STATES (US) AND FOREIGN MILITARY SALES (FMS),DEFINITIVE CONTRACT,['Q'],,,,,Department of Defense,Department of the Army,2020-04-30,2032-12-31,779b3e3e-364f-7cbc-28a4-a2b4484b86f4-C,,1173,department-of-defense,CONT_AWD_W31P4Q20C0023_9700_-NONE-_-NONE-
25885889,N0002406C2222,HUNTINGTON INGALLS INC,10029620274.96,0.0,DETAIL DESIGN AND CONSTRUCTION OF LPD 17 CLASS SHIP (LPD 22),DEFINITIVE CONTRACT,,,,,,Department of Defense,Department of the Navy,2006-06-01,2022-09-30,1eb5d9d6-aabf-3228-e6ab-79cf9729c9d7-C,,1173,department-of-defense,CONT_AWD_N0002406C2222_9700_-NONE-_-NONE-
14525123,F4261098C0001,NORTHROP GRUMMAN SYSTEMS CORPORATION,10004769274.24,191183.15,200506!000026!5700!FA8214!OO-ALC/PKME/LMKE                !F4261098C0001  !A!N! !Y!             !P01502!20041213!20050701!001563738!004179453!016435559!N!NORTHROP GRUMMAN SPACE & MISSI!888 S 2000 E              !CLEARFIELD          !UT!84015!13850!011!49!CLEARFIELD          !DAVIS                 !UTAH      !-000001960000!N!N!000000000000!L014!TECH REP SVCS/GUIDED MISSILES                     !A2 !MISSILE AND SPACE SYSTEMS           !302 !MINUTEMAN III GRP             !541330!E! !3! ! !C! ! !20200930!B! ! !A! !A!N!L!2!002!B!  !Z!Y!Z! !  !N!C!N! ! ! !A!A!A!A!000!A!C!N! ! ! ! !    !      !0001! !,DEFINITIVE CONTRACT,"['N', 'Q']",-60641.69,138147.69,,,Department of Defense,Department of the Air Force,1998-07-01,2024-11-30,c2e50188-5668-debe-d1a4-b74551af9e03-C,,1173,department-of-defense,CONT_AWD_F4261098C0001_9700_-NONE-_-NONE-
37471910,W58RGZ08C0003,SIKORSKY AIRCRAFT CORPORATION,9971085290.49,,PROCUREMENT OF 54 EACH ARMY UH-60M BLACK HAWK HELICOPTERS; 18 EACH NAVY MH-60S SEA HAWK HELICOPTERS; 25 EACH NAVY NH-60R SEA HAWK HELICOPTERS; 9 EACH UH-60M BLACK HAWK HELICOPTER FOR BAHRAIN DEFENSE FORCE; TOOLING; PROGRAM SYSTEMS MANAGEMENT; TECHNICAL PUBLICATIONS.,DEFINITIVE CONTRACT,,,,,,Department of Defense,Department of the Army,2007-12-12,2016-09-30,d64537c9-5482-dd40-cdd4-5cf07b66329d-C,,1173,department-of-defense,CONT_AWD_W58RGZ08C0003_9700_-NONE-_-NONE-
27280227,NNM07AB03C,THE BOEING COMPANY,9874854026.0,3564347480.09,"PROVIDE DEVELOPMENTAL HARDWARE AND TEST ARTICLES, AND MANUFACTURE AND ASSEMBLE ARES I UPPER STAGES. THE UPPER STAGE (US) ELEMENT IS AN INTEGRAL PART OF THE ARES I LAUNCH VEHICLE AND PROVIDES THE SECOND STAGE OF FLIGHT.  THE US ELEMENT IS RESPONSIBLE FOR THE ROLL CONTROL DURING THE FIRST STAGE BURN AND SEPARATION; AND WILL PROVIDE THE GUIDANCE AND NAVIGATION, COMMAND AND DATA HANDLING, AND OTHER AVIONICS FUNCTIONS FOR THE ARES I DURING ALL PHASES OF THE ASCENT FLIGHT.   THE US ELEMENT IS A NEW DESIGN THAT EMPHASIZES SAFETY, OPERABILITY, AND MINIMUM LIFE CYCLE COST. THE OVERALL DESIGN, DEVELOPMENT, TEST AND EVALUATION (DDT&E), PRODUCTION, AND SUSTAINING ENGINEERING EFFORTS INCLUDE ACTIVITIES PERFORMED BY THREE ORGANIZATIONS; THE NASA DESIGN TEAM (NDT), THE UPPER STAGE PRODUCTION CONTRACTOR (USPC) AND THE INSTRUMENT UNIT PRODUCTION CONTRACTOR (IUPC).  FOR CLARITY, THE USPC WILL BE REFERRED TO AS THE CONTRACTOR THROUGHOUT THIS DOCUMENT. NASA IS RESPONSIBLE FOR THE INTEGRATION OF THE PRIMARY ELEMENTS OF THE ARES I LAUNCH VEHICLE INCLUDING: THE FIRST STAGE, US INCLUDING INSTRUMENT UNIT (IU), AND US ENGINE; AND WILL ALSO INTEGRATE THE ARES I LAUNCH VEHICLE AT THE LAUNCH SITE.   NASA IS RESPONSIBLE FOR THE DDT&E, INCLUDING TECHNICAL AND PROGRAMMATIC INTEGRATION OF THE US SUBSYSTEMS AND GOVERNMENT-FURNISHED PROPERTY.  NASA WILL LEAD THE EFFORT TO DEVELOP THE REQUIREMENTS AND SPECIFICATIONS OF THE US ELEMENT, THE DEVELOPMENT PLAN AND TESTING REQUIREMENTS, AND ALL DESIGN DOCUMENTATION, INITIAL MANUFACTURING AND ASSEMBLY PROCESS PLANNING, LOGISTICS PLANNING, AND OPERATIONS SUPPORT PLANNING.  DEVELOPMENT, QUALIFICATION, AND ACCEPTANCE TESTING WILL BE CONDUCTED BY NASA AND THE CONTRACTOR TO SATISFY REQUIREMENTS AND FOR RISK MITIGATION.  NASA IS RESPONSIBLE FOR THE OVERALL UPPER STAGE VERIFICATION AND VALIDATION PROCESS AND WILL REQUIRE SUPPORT FROM THE CONTRACTOR.   THE CONTRACTOR IS RESPONSIBLE FOR THE MANUFACTURE AND ASSEMBLY OF THE UPPER STAGE TEST FLIGHT AND OPERATIONAL UPPER STAGE UNITS INCLUDING THE INSTALLATION OF UPPER STAGE INSTRUMENT UNIT, THE GOVERNMENT-FURNISHED US ENGINE, BOOSTER SEPARATION MOTORS, AND OTHER GOVERNMENT-FURNISHED PROPERTY.  A DESCRIPTION OF THE NASA MANAGED AND PERFORMED EFFORTS IS CONTAINED IN THE US WORK PACKAGES AND WILL BE MADE AVAILABLE TO THE CONTRACTOR TO ENSURE THEIR UNDERSTANDING OF THE ROLES AND RESPONSIBILITIES OF THE NDT, IUPC, AND CONTRACTOR DURING THE DESIGN, DEVELOPMENT, AND OPERATION OF THE US ELEMENT.   THE US CONCEPTUAL DESIGN DESCRIBED IN THE USO-CLV-SE-25704 US DESIGN DEFINITION DOCUMENT (DDD) IS THE BASELINE DESIGN FOR THIS CONTRACT.  THE CONTRACTORS EARLY ROLE WILL BE TO PROVIDE PRODUCIBILITY ENGINEERING SUPPORT TO NASA VIA THE ESTABLISHED US OFFICE STRUCTURE AND TO PROVIDE INPUTS INTO THE FINAL DESIGN CONFIGURATION, SPECIFICATIONS, AND STANDARDS.    NASA WILL TRANSITION THE MANUFACTURING AND ASSEMBLY, LOGISTICS SUPPORT INFRASTRUCTURE, CONFIGURATION MANAGEMENT, AND THE SUSTAINING ENGINEERING FUNCTIONS TO THE CONTRACTOR AT THE KEY POINTS DURING THE DEVELOPMENT AND IMPLEMENTATION OF THE PROGRAM CURRENTLY PLANNED TO OCCUR NO LATER THAN 90 DAYS AFTER THE COMPLETION OF THE FOLLOWING MAJOR MILESTONES:      MANUFACTURING AND ASSEMBLY  US       PRELIMINARY DESIGN REVIEW (PDR)       LOGISTICS SUPPORT INFRASTRUCTURE   US PDR      CONFIGURATION MANAGEMENT  US CRITICAL  DESIGN REVIEW CDR)      SUSTAINING ENGINEERING    US DESIGN        CERTIFICATION REVIEW (DCR)    AFTER THE COMPLETION OF AN ORDERLY TRANSITION OF ROLES AND RESPONSIBILITIES TO THE CONTRACTOR, NASA WILL ASSUME AN INSIGHT ROLE INTO THE CONTRACTORS PRODUCTION, SUSTAINING ENGINEERING, AND OPERATIONS SUPPORT OF THE ARES I US TEST PROGRAM AND FLIGHT HARDWARE.  AFTER DCR, THE CONTRACTOR WILL BE RESPONSIBLE FOR SUSTAINING ENGINEERING PER SOW SECTION 4.7, AS NECESSARY TO MAINTAIN AND SUPPORT THE US CONFIGURATION AND FOR PRODUCTION AND OPERATIONS SUPPORT.",DEFINITIVE CONTRACT,"['Q', 'X']",,,,,National Aeronautics and Space Administration,National Aeronautics and Space Administration,2007-09-01,2026-12-31,3632dc26-45b8-9d0e-1128-63e866708c8f-C,,862,national-aeronautics-and-space-administration,CONT_AWD_NNM07AB03C_8000_-NONE-_-NONE-
12178980,DEAC3608GO28308,"ALLIANCE FOR SUSTAINABLE ENERGY, LLC",9592518638.93,2623836224.97,AWARD OF CONTRACT TO MANAGE AND OPERATE THE NATIONAL RENEWABLE ENERGY LABORATORY,DEFINITIVE CONTRACT,"['AAB', 'C', 'N', 'Q', 'Z']",425000.0,421187.91,368530223.0,114707398.56,Department of Energy,Department of Energy,2008-07-29,2028-09-30,b5d8d22f-d83a-3e58-af13-5381d3c31019-C,,930,department-of-energy,CONT_AWD_DEAC3608GO28308_8900_-NONE-_-NONE-
25890978,N0002496F4060,"ENERGY, DEPARTMENT OF",9438254579.0,,"199712!1700!1276!BZ004!NAVAL SEA SYSTEMS COMMAND       !N0002496F4060  !A!*!P00005             !19961104!20060930!087689394!161906078!161906193!Y!0C2Y9!ENERGY, UNITED STATES DEPT OF !1000 INDEPENDENCE AVE SW  !WASHINGTON          !DC!20585!50000!001!11!WASHINGTON          !DISTRICT OF COLUMBIA  !D.C.      !0001!+000169262376!N!N!000000000000!4470!NUCLEAR REACTORS                                  !A3 !SHIPS                         !2000!NOT DISCERNABLE OR CLASSIFIED !3559!8!*!*!C!B!*!*!B !*!*!0!000!*!* !*!*!*!* !* !*!*!*!*!*!*!*!*!*!*  !*!*!*!*!*!*!*!*!*!*!",DEFINITIVE CONTRACT,,,,,,Department of Defense,Department of the Navy,1996-11-04,2027-09-30,b3aace55-ce3c-62d6-fafc-dab1e221a53e-C,,1173,department-of-defense,CONT_AWD_N0002496F4060_9700_-NONE-_-NONE-
25884608,N0002403C2101,ELECTRIC BOAT CORPORATION,9397332305.22,,,DEFINITIVE CONTRACT,,,,,,Department of Defense,Department of the Navy,2003-08-14,2024-08-01,d5ab5f51-db3a-a26f-96a1-1b24c3e2802c-C,,1173,department-of-defense,CONT_AWD_N0002403C2101_9700_-NONE-_-NONE-
12177758,DEAC0207CH11359,"FERMI RESEARCH ALLIANCE, LLC",9373710830.04,2956571909.59,OPERATION OF FERMI NATIONAL ACCELERATOR LABORATORY,DEFINITIVE CONTRACT,"['Q', 'R']",,,,,Department of Energy,Department of Energy,2007-01-01,2024-12-31,fe39e268-ac10-da9a-1cda-9005f239d33a-C,,930,department-of-energy,CONT_AWD_DEAC0207CH11359_8900_-NONE-_-NONE-
116110988,FA821920C0006,NORTHROP GRUMMAN SYSTEMS CORP,9270993642.24,,GROUND-BASED STRATEGIC DETERRENT (GBSD) ENGINEERING AND MANUFACTURING DEVELOPMENT (EMD) AND EARLY PRODUCTION AND DEPLOYMENT (P&D),DEFINITIVE CONTRACT,"['N', 'Q']",34354692.58,0.0,,,Department of Defense,Department of the Air Force,2020-09-08,2029-03-10,a039e3c2-edcd-2b9b-4459-dcde55990ab4-C,,1173,department-of-defense,CONT_AWD_FA821920C0006_9700_-NONE-_-NONE-
25889443,N0002416C2116,HUNTINGTON INGALLS INC,9033775824.24,25985218.01,CVN 80 ENGINEERING EFFORTS AND STEEL,DEFINITIVE CONTRACT,['Q'],,,,,Department of Defense,Department of the Navy,2016-05-23,2032-02-06,dde47d6b-a165-dbed-d5bd-a6e55ca6e591-C,,1173,department-of-defense,CONT_AWD_N0002416C2116_9700_-NONE-_-NONE-
14399465,F0470102C0002,LOCKHEED MARTIN CORP,9033000882.73,2223378.43,200207!000021!5700!CZ62  !SMC/PKJ LOS ANGELES AFB         !F0470102C0002  !A!N! !N!                   !20011116!20070630!872978978!196596688!834951691!N!LOCKHEED MARTIN CORPORATION   !1111 LOCKHEED MARTIN WAY  !SUNNYVALE           !CA!94089!77000!085!06!SUNNYVALE           !SANTA CLARA           !CALIFORNIA!+000012250000!N!N!000000000000!AR92!RDTE/SPACE - OTHER - APPLIED RESEARCH             !A2 !MISSILE AND SPACE SYSTEMS     !3GFK!MILSTAR                       !541710!E! !1! ! ! ! ! !99990909!B! ! !B! !D!N!J!2!001!N!2A!Z!N!Z!  !  !N!C!N! ! ! !A!A!A!A!000!A!C!N! ! ! ! !    !      !0001!,DEFINITIVE CONTRACT,['Q'],,,,,Department of Defense,Defense Contract Management Agency,2001-11-16,2021-01-31,46023044-eacc-a9ca-5b5e-ddc4673fc267-C,,1173,department-of-defense,CONT_AWD_F0470102C0002_9700_-NONE-_-NONE-
25883527,N0001999C1226,THE BOEING COMPANY,8997913572.42,,199908!1700!0757!AA4E0!NAVAL AIR SYSTEMS COMMAND       !N0001999C1226  !A!*!*                  !19990212!20000930!161213269!006265946!009256819!N!76301!MCDONNELL DOUGLAS CORPORATION !P.O. BOX 516              !SAINT LOUIS         !MO!63166!65000!510!29!ST. LOUIS           !ST. LOUIS (CITY)      !MISSOURI  !0001!+000040000000!N!N!000000000000!1510!AIRCRAFT FIXED WING                               !A1A!AIRFRAMES AND SPARES          !2AFX!F-18 HORNET                   !3721!1!*!*!*!B!A!*!D !N!L!1!001!N!1A!A!N!F!* !* !N!C!*!A!A!A!A!A!*!*  !*!N!A!A!N!*!*!*!*!*!,DEFINITIVE CONTRACT,,,,,,Department of Defense,Defense Contract Management Agency,1999-02-12,2017-12-06,9ab85632-42cc-5fa4-2a9c-d734034ddd33-C,,1173,department-of-defense,CONT_AWD_N0001999C1226_9700_-NONE-_-NONE-
66825791,N0001918C1021,RTX CORPORATION,8744103151.26,212686622.34,LOT 12 AAC LONG LEAD FOR PROPULSION SYSTEMS,DEFINITIVE CONTRACT,['Q'],,,,,Department of Defense,Department of the Navy,2018-03-23,2024-12-30,62e141b3-4887-5b39-6b75-eace9326395c-C,,1173,department-of-defense,CONT_AWD_N0001918C1021_9700_-NONE-_-NONE-
23682899,HQ014717C0032,LOCKHEED MARTIN CORPORATION,8352918267.33,156490187.0,HQ0147-17-C-0032 UNDEFINITIZED CONTRACT ACTION (UCA) FOR THAAD INTERCEPTOR LOT 9 PRODUCTION - QTY OF 23,DEFINITIVE CONTRACT,"['N', 'Q']",154316.21,35296.0,,,Department of Defense,Missile Defense Agency,2017-03-27,2028-03-01,779b3e3e-364f-7cbc-28a4-a2b4484b86f4-C,,1173,department-of-defense,CONT_AWD_HQ014717C0032_9700_-NONE-_-NONE-
111693025,W911QY20C0100,"MODERNATX, INC.",8204906278.12,,100M SARS-COV-2 MRNA-1273 VACCINE DOSES,DEFINITIVE CONTRACT,"['N', 'Q']",2450000000.0,0.0,,,Department of Defense,Department of the Army,2020-08-11,2023-08-10,7b3816d5-c664-81f3-e756-1f2902dd0085-C,,1173,department-of-defense,CONT_AWD_W911QY20C0100_9700_-NONE-_-NONE-
66295557,N0001918C1037,NORTHROP GRUMMAN SYSTEMS CORPORATION,8130629146.0,234383836.38,E-2D ADVANCED HAWKEYE AIRCRAFT (FRP-7),DEFINITIVE CONTRACT,['Q'],,,,,Department of Defense,Department of the Navy,2018-02-15,2029-05-31,a398e5f8-3381-5983-2fb6-c60a3f701eb4-C,,1173,department-of-defense,CONT_AWD_N0001918C1037_9700_-NONE-_-NONE-
25881001,N0001902C3003,RTX CORPORATION,7911304631.39,-2295.0,200204!008533!1700!AF600 !NAVAL AIR SYSTEMS COMMAND !N0001902C3003 !A!N! !N! !20011026!20120430!001447952!001447952!001344142!N!UNITED TECHNOLOGIES CORP !400 MAIN STREET !EAST HARTFORD !CT!06108!22700!003!09!EAST HARTFORD !HARTFORD !CONN !+000014000000!N!N!004803460088!AC15!RDTE/AIRCRAFT-ENG/MANUF DEVELOP !A1B!AIRCRAFT ENGINES AND SPARES !2AMA!JAST/JSF !541710!E! !3! ! ! ! ! !99990909!B! ! !A! !D!N!R!1!001!N!1A!A!Y!Z! ! !N!C!N! ! ! !A!A!A!A!000!A!C!N! ! ! !Y! !N00019!0001!,DEFINITIVE CONTRACT,['Q'],,,,,Department of Defense,Defense Contract Management Agency,2001-10-26,2019-04-12,62e141b3-4887-5b39-6b75-eace9326395c-C,,1173,department-of-defense,CONT_AWD_N0001902C3003_9700_-NONE-_-NONE-
25881281,N0001904C3146,THE BOEING COMPANY,7633729888.76,7759280.39,,DEFINITIVE CONTRACT,['Q'],,,,,Department of Defense,Defense Contract Management Agency,2004-06-29,2024-06-30,22d282c6-4508-7d30-97f1-7401ea73b12a-C,,1173,department-of-defense,CONT_AWD_N0001904C3146_9700_-NONE-_-NONE-
15056246,FA861106C2899,LOCKHEED MARTIN CORPORATION,7581647887.33,,200610!000027!5700!FA8611!ASC/YFK                         !FA861106C2899  !A!N! !N!             !      !20051223!20060512!008016958!008016958!834951691!N!LOCKHEED MARTIN CORPORATION   !LOCKHEED BLVD             !FORT WORTH          !TX!76108!49756!067!13!MARIETTA            !COBB                  !GEORGIA   !+000193874000!N!N!000193874000!1510!AIRCRAFT FIXED WING                               !A1A!AIRFRAMES AND SPARES                !265 !F-22                          !336411!E! !3! ! ! ! ! !99990909!B! ! !A! !D!N!J!1!001!N!1A!A!Y!A! !  !N!C!N! ! ! !Z!Z!A!A!000!A!C!N! ! ! !Y!    !      !0001! !,DEFINITIVE CONTRACT,,,,,,Department of Defense,Department of the Air Force,2005-12-23,2016-02-27,6cf5fb1b-4988-d087-5dc1-70939d8fc6c4-C,,1173,department-of-defense,CONT_AWD_FA861106C2899_9700_-NONE-_-NONE-
98174585,N0001920C0011,RTX CORPORATION,7500563755.37,501624.77,LOT 15 FMS-1 F135 CTOL PROP SYSTEM,DEFINITIVE CONTRACT,['Q'],,,,,Department of Defense,Defense Contract Management Agency,2020-03-23,2023-12-31,62e141b3-4887-5b39-6b75-eace9326395c-C,,1173,department-of-defense,CONT_AWD_N0001920C0011_9700_-NONE-_-NONE-
25882219,N0001912C2001,BELL BOEING JOINT PROJECT OFFICE,7337525646.54,-1096971.87,PROCUREMENT OF V-22 LOT 17 LONG LEAD-TIME ITEMS,DEFINITIVE CONTRACT,['Q'],,,,,Department of Defense,Defense Contract Management Agency,2011-12-29,2021-09-30,846d3ff4-b2cb-3924-018c-2dee1e0259b7-C,,1173,department-of-defense,CONT_AWD_N0001912C2001_9700_-NONE-_-NONE-
37476120,W58RGZ16C0023,THE BOEING COMPANY,7316310908.5,,"W58RGZ-16-C-0023 IS FOR THE AWARD OF ADVANCE PROCUREMENT IN THE AMOUNT OF $184,930,000.00 TO SUPPORT LOT 7 FULL RATE PRODUCTION LONG LEAD ITEMS.",DEFINITIVE CONTRACT,['Q'],,,,,Department of Defense,Defense Contract Management Agency,2016-03-21,2027-08-31,27b04395-cee8-a47d-2a5c-3e2b78dc7b0a-C,,1173,department-of-defense,CONT_AWD_W58RGZ16C0023_9700_-NONE-_-NONE-
15058349,FA862506C6456,LOCKHEED MARTIN CORP,7261932653.67,,,DEFINITIVE CONTRACT,,,,,,Department of Defense,Department of the Air Force,2006-02-28,2015-09-30,4051d253-67f0-30bd-2c7f-5eb539533924-C,,1173,department-of-defense,CONT_AWD_FA862506C6456_9700_-NONE-_-NONE-
25881819,N0001909C0019,THE BOEING COMPANY,7246510577.74,0.0,F/A-18 AIRCRAFT,DEFINITIVE CONTRACT,,,,,,Department of Defense,Department of the Navy,2008-12-04,2022-10-31,9ab85632-42cc-5fa4-2a9c-d734034ddd33-C,,1173,department-of-defense,CONT_AWD_N0001909C0019_9700_-NONE-_-NONE-
25882109,N0001911C0083,LOCKHEED MARTIN CORPORATION,7185242552.16,19104247.61,F-35 LIGHTNING II JOINT STRIKE FIGHTER (JSF) LOW RATE INITIAL PRODUCTION (LRIP) LOT 6 ADVANCE ACQUISITION CONTRACT,DEFINITIVE CONTRACT,['Q'],,,,,Department of Defense,Defense Contract Management Agency,2011-08-08,2020-07-07,6cf5fb1b-4988-d087-5dc1-70939d8fc6c4-C,,1173,department-of-defense,CONT_AWD_N0001911C0083_9700_-NONE-_-NONE-
12236920,DESC0012704,"BROOKHAVEN SCIENCE ASSOCIATES, LLC",7132858473.14,3321274293.98,IGF::OT::IGF TAS::89 0222::TAS M&O CONTRACT FOR BNL,DEFINITIVE CONTRACT,"['AAB', 'N', 'Q', 'R', 'Z']",5036982.64,5036982.64,3862957.5,318364.31,Department of Energy,Department of Energy,2015-01-05,2025-01-04,a5024890-88ca-4c65-a382-b8beefb2111d-C,,930,department-of-energy,CONT_AWD_DESC0012704_8900_-NONE-_-NONE-
11900094,DAAE0703CS023,BAE SYSTEMS TACTICAL VEHICLE SYSTEMS LP,7052768924.82,,"200502!000833!2100!W56HZV!TACOM - WARREN                  !DAAE0703CS023  !A!N! !N!             !P00031!20041101!20081115!557414000!557414000!007932783!N!STEWART & STEVENSON TACTICAL V!5000 INTERSTATE 10 HWY    !SEALY               !TX!77474!66464!015!48!SEALY               !AUSTIN                !TEXAS     !+000000569789!N!N!000000000000!2320!TRUCKS AND TRUCK TRACTORS, WHEELED                !A4B!NON-COMBAT VEHICLES                 !746 !FMTV                          !336212!E! !3! ! !D! ! !20200930!B! ! !A! !A!Y!J!2!002!N!1G!A!N!F! !  !N!C!N! ! ! !A!A!A!A!000!A!C!N! ! ! !Y!    !      !0001! !",DEFINITIVE CONTRACT,,,,,,Department of Defense,Defense Contract Management Agency,2003-04-17,2009-11-30,e7e6b6dd-7bf6-b9a9-d5ef-0d8d8ae95f1b-C,,1173,department-of-defense,CONT_AWD_DAAE0703CS023_9700_-NONE-_-NONE-
25882346,N0001914C0002,LOCKHEED MARTIN CORPORATION,6998720739.53,11205231.88,LRIP 9 AIRCRAFT AAC,DEFINITIVE CONTRACT,['Q'],,,,,Department of Defense,Department of the Navy,2014-03-19,2031-03-31,6cf5fb1b-4988-d087-5dc1-70939d8fc6c4-C,,1173,department-of-defense,CONT_AWD_N0001914C0002_9700_-NONE-_-NONE-
25886592,N0002408C2110,HUNTINGTON INGALLS INC,6608194655.35,96474395.04,CVN 78 SHIP CONSTRUCTION,DEFINITIVE CONTRACT,"['C', 'N', 'Q']",747244.53,384187.81,,,Department of Defense,Department of the Navy,2008-08-01,2022-09-30,dde47d6b-a165-dbed-d5bd-a6e55ca6e591-C,,1173,department-of-defense,CONT_AWD_N0002408C2110_9700_-NONE-_-NONE-
64948715,FA863418C2701,THE BOEING COMPANY,6583638256.27,,"F-15, FMS, F-15QA AIR VEHICLE DEVELOPMENT",DEFINITIVE CONTRACT,,,,,,Department of Defense,Department of the Air Force,2017-12-22,2026-11-30,9ab85632-42cc-5fa4-2a9c-d734034ddd33-C,,1173,department-of-defense,CONT_AWD_FA863418C2701_9700_-NONE-_-NONE-
23681551,HQ014712C0004,THE BOEING COMPANY,6508901946.57,114176640.72,"THE MISSILE DEFENSE AGENCY (MDA), GROUND-BASED MIDCOURSE DEFENSE (GMD) DEVELOPMENT AND SUSTAINMENT CONTRACT (DSC) THE GMD DSC WORK INCLUDES, BUT IS NOT LIMITED TO: 1) FUTURE DEVELOPMENT; 2) FIELDING; 3) TEST; 4) SYSTEMS ENGINEERING, INTEGRATION AND CONFIGURATION MANAGEMENT; 5) EQUIPMENT MANUFACTURING AND REFURBISHMENT; 6) TRAINING; AND 7) OPERATIONS AND SUSTAINMENT SUPPORT FOR THE GMD WEAPON SYSTEM AND ASSOCIATED SUPPORT FACILITIES.",DEFINITIVE CONTRACT,"['N', 'Q']",-1400000.0,741366.02,,,Department of Defense,Missile Defense Agency,2011-12-30,2024-12-20,3632dc26-45b8-9d0e-1128-63e866708c8f-C,,1173,department-of-defense,CONT_AWD_HQ014712C0004_9700_-NONE-_-NONE-
73562362,FA881018C0005,LOCKHEED MARTIN CORP,6459264438.1,210449902.97,NEXT GENERATION OVERHEAD PERSISTENT INFRARED GEOSYNCHRONOUS EARTH ORBIT SPACE VEHICLE 1-3 PHASE 1,DEFINITIVE CONTRACT,['Q'],,,,,Department of Defense,Department of the Air Force,2018-08-14,2029-07-31,46023044-eacc-a9ca-5b5e-ddc4673fc267-C,,1173,department-of-defense,CONT_AWD_FA881018C0005_9700_-NONE-_-NONE-
76643511,N0002418C2307,HUNTINGTON INGALLS INC,6397764673.85,0.0,FY18-FY22 DDG 51 CLASS SHIP CONSTRUCTION,DEFINITIVE CONTRACT,['Q'],,,,,Department of Defense,Department of the Navy,2018-09-27,2029-02-24,1eb5d9d6-aabf-3228-e6ab-79cf9729c9d7-C,,1173,department-of-defense,CONT_AWD_N0002418C2307_9700_-NONE-_-NONE-
76677678,FA880219C0001,THE AEROSPACE CORPORATION,6307807630.89,178931902.05,FY19 ENGINEERING SERVICES,DEFINITIVE CONTRACT,['Q'],,,,,Department of Defense,Department of the Air Force,2018-10-01,2028-09-30,6cbea0a9-b56a-1fd8-3dee-e808ea373a4b-C,,1173,department-of-defense,CONT_AWD_FA880219C0001_9700_-NONE-_-NONE-
25882628,N0001917C0015,BELL BOEING JOINT PROJECT OFFICE,6180216694.69,264909478.69,CMV-22 PRODUCTION LOT 22 LONG LEAD-TIME ITEMS,DEFINITIVE CONTRACT,"['C', 'N', 'Q']",1619506.88,1372340.23,,,Department of Defense,Department of the Navy,2016-12-28,2026-07-31,846d3ff4-b2cb-3924-018c-2dee1e0259b7-C,,1173,department-of-defense,CONT_AWD_N0001917C0015_9700_-NONE-_-NONE-
9778359,AIDOAATO1500007,"CHEMONICS INTERNATIONAL, INC.",6172847411.93,3459903263.38,IGF::CL::IGF - GHSC IDIQ - HIV/AIDS TO,DELIVERY ORDER,"['L', 'Q', 'R', 'V']",292725634.72,264651382.35000002,,,Agency for International Development,Agency for International Development,2015-04-20,2026-11-28,71710641-1c0a-d4c7-a593-1c039ee88fa2-C,,801,agency-for-international-development,CONT_AWD_AIDOAATO1500007_7200_AIDOAAI1500004_7200
25881506,N0001906C0081,SIKORSKY AIRCRAFT CORPORATION,6112512534.68,202492478.21,,DEFINITIVE CONTRACT,['Q'],,,,,Department of Defense,Defense Contract Management Agency,2006-01-03,2025-05-31,d64537c9-5482-dd40-cdd4-5cf07b66329d-C,,1173,department-of-defense,CONT_AWD_N0001906C0081_9700_-NONE-_-NONE-
37457367,W56HZV15C0095,OSHKOSH DEFENSE LLC,6107482691.29,604897497.09,"THE CONTRACT INCLUDES FIRM FIXED PRICE (FFP) CONTACT LINE ITEM NUMBERS (CLIN) FOR VEHICLES, TRAILERS, KITS (PACKAGED AND INSTALLED), TEST HARDWARE AND SUPPORT, VEHICLE REFURBISHMENT, SYSTEMS ENGINEERING/ PROGRAM MANAGEMENT (SEPM), STORAGE AND MAINTENANCE OF VEHICLES, VEHICLE REFURBISHMENT, INTEGRATED PRODUCT SUPPORT (IPS), AND A TECHNICAL DATA PACKAGE (TDP).  THE CONTRACT ALSO INCLUDES COST PLUS FIXED FEE (CPFF) CLINS FOR SYSTEM TECHNICAL SUPPORT (STS), TOTAL PACKAGE FIELDING (TPF), AND INTERIM CONTRACTOR SUPPORT (ICS).  THE CONTRACT CONTAINS PROVISIONS FOR AN ECONOMIC PRICE ADJUSTMENT (EPA) FOR MATERIAL FLUCTUATIONS FOR THE VEHICLES PROCURED IN OPTION PERIODS SIX, SEVEN, AND EIGHT.",DEFINITIVE CONTRACT,"['C', 'N', 'Q']",-25557303.82,0.0,,,Department of Defense,Department of the Army,2015-08-25,2025-09-25,5c99e12d-99a6-52a3-d019-34a3855a6ed7-C,,1173,department-of-defense,CONT_AWD_W56HZV15C0095_9700_-NONE-_-NONE-
12101951,DASG6000C0072,LOCKHEED MARTIN CORP,6100118931.82,,"200009!2100!001246!SG60  !USA SPACE AND STRATEGIC DEF CDR !DASG6000C0072  !A!*!0                  !20000628!20080503!188160782!834951691!834951691!N!23917!LOCKHEED MARTIN CORPORATION   !1111 LOCKHEED MARTIN WAY, !SUNNYVALE           !CA!94089!77000!085!06!SUNNYVALE           !SANTA CLARA           !CALIFORNIA!0001!+000077527000!N!N!000000000000!AC23!RDTE/MISSILE AND SPACE SYSTEMS-ADV TECH DEV       !A2 !MISSILE AND SPACE SYSTEMS     !1CNX!THAAD-THEATER HIGH ALT AIR DEF!8731!1!*!*!*!B!A!*!C !N!R!1!001!N!1B!A!Y!Z!* !* !N!C!*!A!A!A!A!A!A!*  !*!N!A!C!N!*!*!*!*!*!",DEFINITIVE CONTRACT,['Q'],,,,,Department of Defense,Missile Defense Agency,2000-06-28,2014-11-03,46023044-eacc-a9ca-5b5e-ddc4673fc267-C,,1173,department-of-defense,CONT_AWD_DASG6000C0072_9700_-NONE-_-NONE-
25882269,N0001913C0008,LOCKHEED MARTIN CORPORATION,6015367270.47,6599335.94,F-35 LRIP 8 AAC,DEFINITIVE CONTRACT,['Q'],,,,,Department of Defense,Defense Contract Management Agency,2013-02-28,2100-12-31,6cf5fb1b-4988-d087-5dc1-70939d8fc6c4-C,,1173,department-of-defense,CONT_AWD_N0001913C0008_9700_-NONE-_-NONE-
15058407,FA862514C6450,LOCKHEED MARTIN CORP,5934311105.81,-2822393.34,FY13 ADVANCE PROCUREMENT FUNDS FOR FY14 C-130J AIRCRAFT,DEFINITIVE CONTRACT,['Q'],,,,,Department of Defense,Department of the Air Force,2013-12-09,2020-07-31,4051d253-67f0-30bd-2c7f-5eb539533924-C,,1173,department-of-defense,CONT_AWD_FA862514C6450_9700_-NONE-_-NONE-
12177824,DEAC0299CH10888,"CB&I AREVA MOX SERVICES, LLC",5837441290.31,186000000.0,,DEFINITIVE CONTRACT,['Q'],,,,,Department of Energy,Department of Energy,1999-11-15,2020-03-02,a7276d25-b0c6-71c0-8ff7-65a33f9d99ee-C,,930,department-of-energy,CONT_AWD_DEAC0299CH10888_8900_-NONE-_-NONE-
23680888,HQ014707C0196,LOCKHEED MARTIN CORP,5817859453.93,2574779.48,THAAD COMPONENTS FOR FIRE UNITS,DEFINITIVE CONTRACT,"['N', 'Q']",-45021.87,208361.57,,,Department of Defense,Missile Defense Agency,2006-12-22,2023-03-31,46023044-eacc-a9ca-5b5e-ddc4673fc267-C,,1173,department-of-defense,CONT_AWD_HQ014707C0196_9700_-NONE-_-NONE-
25881813,N0001909C0010,LOCKHEED MARTIN CORPORATION,5812245402.2,0.0,AWARD AAC LRIP IV CONTRACT,DEFINITIVE CONTRACT,,,,,,Department of Defense,Defense Contract Management Agency,2009-03-11,2021-08-11,6cf5fb1b-4988-d087-5dc1-70939d8fc6c4-C,,1173,department-of-defense,CONT_AWD_N0001909C0010_9700_-NONE-_-NONE-
25889451,N0002416C2229,NATIONAL STEEL AND SHIPBUILDING COMPANY,5737205728.41,276536691.62,DETAIL DESIGN AND CONSTRUCTION (DD&C) FOR T-AO 205,DEFINITIVE CONTRACT,['Q'],,,,,Department of Defense,Department of the Navy,2016-06-30,2028-03-22,d3b182df-5daa-6f63-c00e-d99b7ba7875e-C,,1173,department-of-defense,CONT_AWD_N0002416C2229_9700_-NONE-_-NONE-
25881821,N0001909C0022,THE BOEING COMPANY,5699021641.13,226378.52,P-8A LRIP I LONG LEAD MATERIAL,DEFINITIVE CONTRACT,['Q'],,,,,Department of Defense,Department of the Navy,2009-04-13,2019-02-28,22d282c6-4508-7d30-97f1-7401ea73b12a-C,,1173,department-of-defense,CONT_AWD_N0001909C0022_9700_-NONE-_-NONE-
25885566,N0002405C5346,RAYTHEON COMPANY,5668542889.12,6178.12,,DEFINITIVE CONTRACT,['Q'],,,,,Department of Defense,Department of the Navy,2005-05-25,2019-09-29,b20b122a-596c-14ad-0033-6e5bc41f4768-C,,1173,department-of-defense,CONT_AWD_N0002405C5346_9700_-NONE-_-NONE-
37394202,W31P4Q15C0022,RAYTHEON COMPANY,5602823086.97,,TEN FIRE UNITS FOR QATAR,DEFINITIVE CONTRACT,,,,,,Department of Defense,Department of the Army,2014-12-19,2025-02-28,cce9df51-3950-87f4-0b34-4353d5a08f32-C,,1173,department-of-defense,CONT_AWD_W31P4Q15C0022_9700_-NONE-_-NONE-
25882174,N0001912C0004,LOCKHEED MARTIN CORPORATION,5597392222.0,28683797.65,LONG LEAD-TIME ITEMS,DEFINITIVE CONTRACT,['Q'],,,,,Department of Defense,Department of the Navy,2012-06-15,2024-12-31,6cf5fb1b-4988-d087-5dc1-70939d8fc6c4-C,,1173,department-of-defense,CONT_AWD_N0001912C0004_9700_-NONE-_-NONE-
37476225,W58RGZ17C0009,SIKORSKY AIRCRAFT CORPORATION,5584731784.87,,W58RGZ-17-C-0009 MY IX BLACK HAWK PRODUCTION CONTRACT AWARD.,DEFINITIVE CONTRACT,['Q'],,,,,Department of Defense,Department of the Army,2017-06-22,2025-10-31,d64537c9-5482-dd40-cdd4-5cf07b66329d-C,,1173,department-of-defense,CONT_AWD_W58RGZ17C0009_9700_-NONE-_-NONE-
25882210,N0001912C0112,THE BOEING COMPANY,5544117634.23,5749105.42,P-8A FRP LOT I LONG LEAD MATERIAL,DEFINITIVE CONTRACT,['Q'],,,,,Department of Defense,Defense Contract Management Agency,2012-08-31,2031-10-15,22d282c6-4508-7d30-97f1-7401ea73b12a-C,,1173,department-of-defense,CONT_AWD_N0001912C0112_9700_-NONE-_-NONE-
25882321,N0001913C9999,NORTHROP GRUMMAN SYSTEMS CORPORATION,5325233134.8,168224940.05,E-2D ADVANCED HAWKEYE AIRCRAFT (FRP-2),DEFINITIVE CONTRACT,['Q'],,,,,Department of Defense,Defense Contract Management Agency,2013-05-13,2026-12-31,a398e5f8-3381-5983-2fb6-c60a3f701eb4-C,,1173,department-of-defense,CONT_AWD_N0001913C9999_9700_-NONE-_-NONE-
25897989,N0003904C2009,LOCKHEED MARTIN CORP,5179425742.56,6100310.97,,DEFINITIVE CONTRACT,"['N', 'Q']",-2235495.66,139993.04,,,Department of Defense,Defense Contract Management Agency,2004-09-24,2022-08-18,b97d19b0-833c-8d8f-3a2c-157d04ea55ef-C,,1173,department-of-defense,CONT_AWD_N0003904C2009_9700_-NONE-_-NONE-
76643510,N0002418C2305,BATH IRON WORKS CORPORATION,5152589072.86,0.0,FY18-FY22 DDG 51 CLASS SHIP CONSTRUCTION,DEFINITIVE CONTRACT,['Q'],,,,,Department of Defense,Department of the Navy,2018-09-27,2029-02-19,7e9ba6ab-3f37-4abd-4708-bdeecb64ea02-C,,1173,department-of-defense,CONT_AWD_N0002418C2305_9700_-NONE-_-NONE-
15058728,FA862914C2403,SIKORSKY AIRCRAFT CORPORATION,5132512933.52,55366092.98,ACAT 1D - CRH,DEFINITIVE CONTRACT,"['N', 'Q']",24611720.75,2274654.0,,,Department of Defense,Department of the Air Force,2014-06-26,2028-05-31,d64537c9-5482-dd40-cdd4-5cf07b66329d-C,,1173,department-of-defense,CONT_AWD_FA862914C2403_9700_-NONE-_-NONE-
15058360,FA862507C6471,LOCKHEED MARTIN CORP,4996841729.22,0.0,ADVANCE PROCUREMENT OF LONG LEAD FOR LRIP FOR C-5M RERP,DEFINITIVE CONTRACT,['Q'],,,,,Department of Defense,Department of the Air Force,2007-04-30,2019-01-31,4051d253-67f0-30bd-2c7f-5eb539533924-C,,1173,department-of-defense,CONT_AWD_FA862507C6471_9700_-NONE-_-NONE-
25881942,N0001910C0002,LOCKHEED MARTIN CORPORATION,4993929468.3,,LOW RATE INTITIAL PRODUCTION (LRIP) LOT 5 ADVANCED ACQUISITION CONTRACT.,DEFINITIVE CONTRACT,['Q'],,,,,Department of Defense,Defense Contract Management Agency,2010-07-06,2022-05-04,6cf5fb1b-4988-d087-5dc1-70939d8fc6c4-C,,1173,department-of-defense,CONT_AWD_N0001910C0002_9700_-NONE-_-NONE-
25887699,N0002411C2300,LOCKHEED MARTIN CORPORATION,4961909931.61,204621645.3,BASIC AWARD,DEFINITIVE CONTRACT,"['N', 'Q']",780402.52,56004.48,,,Department of Defense,Department of the Navy,2010-12-29,2025-02-28,49ba01f3-56b6-92fd-1814-1a521f21fe7e-C,,1173,department-of-defense,CONT_AWD_N0002411C2300_9700_-NONE-_-NONE-
25883300,N0001993C0006,BELL BOEING JV,4885212163.54,,,DEFINITIVE CONTRACT,,,,,,Department of Defense,Defense Contract Management Agency,1992-10-15,2014-12-31,b96b517c-3638-7023-013c-40234352f134-C,,1173,department-of-defense,CONT_AWD_N0001993C0006_9700_-NONE-_-NONE-
37475199,W58RGZ13C0002,THE BOEING COMPANY,4864238445.89,0.0,CH-47F CARGO HELICOPTER MULTIYEAR II.  34 NEW BUILD HELICOPTERS AND 121 RENEW HELICOPTERS.,DEFINITIVE CONTRACT,['Q'],,,,,Department of Defense,Department of the Army,2013-06-10,2022-12-20,f9736fab-29cf-0248-a01b-aea3ad360ecc-C,,1173,department-of-defense,CONT_AWD_W58RGZ13C0002_9700_-NONE-_-NONE-
25888414,N0002413C2305,BATH IRON WORKS CORPORATION,4774612087.0,0.0,FY13-FY17 DDG 51 CLASS SHIP CONSTRUCTION.,DEFINITIVE CONTRACT,"['N', 'Q']",6730512.0,0.0,,,Department of Defense,Department of the Navy,2013-06-03,2025-12-01,7e9ba6ab-3f37-4abd-4708-bdeecb64ea02-C,,1173,department-of-defense,CONT_AWD_N0002413C2305_9700_-NONE-_-NONE-
79084242,W31P4Q19C0011,LOCKHEED MARTIN CORPORATION,4583057419.88,3095076.34,"W31P4Q-19-C-0011 PAC-3 PRODUCTION CONTRACT FOR THE FY19/20 US/FMS REQUIREMENTS, WHICH INCLUDES: MSE&CRI MISSILES, LMKS AND OTHER GROUND SUPPORT FOR PATRIOT/PAC-3 WEAPON.",DEFINITIVE CONTRACT,"['N', 'Q']",-803700.92,0.0,,,Department of Defense,Department of the Army,2018-12-21,2027-03-31,779b3e3e-364f-7cbc-28a4-a2b4484b86f4-C,,1173,department-of-defense,CONT_AWD_W31P4Q19C0011_9700_-NONE-_-NONE-
67621539,N0001918C1046,THE BOEING COMPANY,4565466783.96,251159427.64,F/A-18E AIRCRAFT,DEFINITIVE CONTRACT,['Q'],,,,,Department of Defense,Department of the Navy,2018-05-08,2028-08-31,9ab85632-42cc-5fa4-2a9c-d734034ddd33-C,,1173,department-of-defense,CONT_AWD_N0001918C1046_9700_-NONE-_-NONE-
25891087,N0002498C2104,HUNTINGTON INGALLS INC,4563665299.0,,,DEFINITIVE CONTRACT,,,,,,Department of Defense,Department of the Navy,1999-11-03,2023-05-17,dde47d6b-a165-dbed-d5bd-a6e55ca6e591-C,,1173,department-of-defense,CONT_AWD_N0002498C2104_9700_-NONE-_-NONE-
73088877,N0002418C2406,HUNTINGTON INGALLS INC,4538297861.5,0.0,LPD 30 LLTM,DEFINITIVE CONTRACT,['Q'],,,,,Department of Defense,Department of the Navy,2018-08-02,2031-03-01,1eb5d9d6-aabf-3228-e6ab-79cf9729c9d7-C,,1173,department-of-defense,CONT_AWD_N0002418C2406_9700_-NONE-_-NONE-
25887700,N0002411C2301,"AUSTAL USA, LLC",4470093363.64,109974378.33,BASIC CONTRACT,DEFINITIVE CONTRACT,"['N', 'Q']",3682038.0,0.0,,,Department of Defense,Department of the Navy,2010-12-29,2024-03-28,099794ca-0664-2157-ef0e-3ae0148aef77-C,,1173,department-of-defense,CONT_AWD_N0002411C2301_9700_-NONE-_-NONE-
15093878,FA880708C0010,LOCKHEED MARTIN CORP,4435816595.19,49192018.89,GLOBAL POSITIONING SYSTEM (GPS) IIIA,DEFINITIVE CONTRACT,['Q'],,,,,Department of Defense,Department of the Air Force,2008-05-15,2027-07-23,6e7a895c-aa57-8600-2a8a-4e237f6213f6-C,,1173,department-of-defense,CONT_AWD_FA880708C0010_9700_-NONE-_-NONE-
15058387,FA862511C6597,LOCKHEED MARTIN CORP,4410801414.64,448455.48,C-130J FIVE YEAR OPTION CONTRACT (FYOC) IV,DEFINITIVE CONTRACT,['Q'],,,,,Department of Defense,Department of the Air Force,2011-02-01,2020-12-31,4051d253-67f0-30bd-2c7f-5eb539533924-C,,1173,department-of-defense,CONT_AWD_FA862511C6597_9700_-NONE-_-NONE-
